54350,Terre d'Hermès Eau Givrée,https://perfumist-images.fra1.cdn.digitaloceanspaces.com/assets/product/mains/files/000/253/418/normal/164275_img-5053-hermes-terre-d-hermes-eau-givree_720.jpg?1645776295,https://perfumist-images.fra1.cdn.digitaloceanspaces.com/assets/product/mains/files/000/253/418/thumb/164275_img-5053-hermes-terre-d-hermes-eau-givree_720.jpg?1645776295,edp,100,2022,men,False,95
48361,Twilly d'Hermès Eau Ginger EDP,https://perfumist-images.fra1.cdn.digitaloceanspaces.com/assets/product/mains/files/000/174/900/normal/HERMES_TWILLY.png?1644590799,https://perfumist-images.fra1.cdn.digitaloceanspaces.com/assets/product/mains/files/000/174/900/thumb/HERMES_TWILLY.png?1644590799,edp,85,2021,women,False,95
46241,Terre d'Hermes Flacon H 2021 Parfum,https://perfumist-images.fra1.cdn.digitaloceanspaces.com/assets/product/mains/files/000/138/281/normal/142832173_2382664188547121_7053031734767418083_n.jpg?1611826395,https://perfumist-images.fra1.cdn.digitaloceanspaces.com/assets/product/mains/files/000/138/281/thumb/142832173_2382664188547121_7053031734767418083_n.jpg?1611826395,parfum,75,2021,men,False,95
46242,Terre d'Hermes Flacon H 2021 Eau de Toilette,https://perfumist-images.fra1.cdn.digitaloceanspaces.com/assets/product/mains/files/000/138/284/normal/141327628_2382673411879532_5592487327007357651_n.jpg?1611827297,https://perfumist-images.fra1.cdn.digitaloceanspaces.com/assets/product/mains/files/000/138/284/thumb/141327628_2382673411879532_5592487327007357651_n.jpg?1611827297,edt,100,2021,men,False,95
46258,H24,https://perfumist-images.fra1.cdn.digitaloceanspaces.com/assets/product/mains/files/000/139/476/normal/H24.png?1644590743,https://perfumist-images.fra1.cdn.digitaloceanspaces.com/assets/product/mains/files/000/139/476/thumb/H24.png?1644590743,edt,100,2021,men,False,95
48186,Terre D'Hermes Alcohol Free,https://perfumist-images.fra1.cdn.digitaloceanspaces.com/assets/product/mains/files/000/172/851/normal/188433610_2492566057556933_4144458014769325758_n.jpg?1621834698,https://perfumist-images.fra1.cdn.digitaloceanspaces.com/assets/product/mains/files/000/172/851/thumb/188433610_2492566057556933_4144458014769325758_n.jpg?1621834698,edc,100,2021,men,False,95
40242,Terre d'Hermes Flacon H 2020,https://perfumist-images.fra1.cdn.digitaloceanspaces.com/assets/product/mains/files/000/056/096/normal/375x500.59010.jpg?1579576996,https://perfumist-images.fra1.cdn.digitaloceanspaces.com/assets/product/mains/files/000/056/096/thumb/375x500.59010.jpg?1579576996,edt,100,2020,men,False,95
40244,Terre d'Hermes Flacon H 2020 Parfum ,https://perfumist-images.fra1.cdn.digitaloceanspaces.com/assets/product/mains/files/000/056/098/normal/375x500.59011.jpg?1579578190,https://perfumist-images.fra1.cdn.digitaloceanspaces.com/assets/product/mains/files/000/056/098/thumb/375x500.59011.jpg?1579578190,parfum,75,2020,men,False,95
41449,L'Ombre des Merveilles,https://perfumist-images.fra1.cdn.digitaloceanspaces.com/assets/product/mains/files/000/060/014/normal/L_OMBRE_DES_MERVEILLES_ok.png?1632402287,https://perfumist-images.fra1.cdn.digitaloceanspaces.com/assets/product/mains/files/000/060/014/thumb/L_OMBRE_DES_MERVEILLES_ok.png?1632402287,edt,100,2020,unisex,False,95
36536,Twilly d'Hermes Eau Poivree Eau de Parfum,https://perfumist-images.fra1.cdn.digitaloceanspaces.com/assets/product/mains/files/000/047/500/normal/375x500.55983.jpg?1563853148,https://perfumist-images.fra1.cdn.digitaloceanspaces.com/assets/product/mains/files/000/047/500/thumb/375x500.55983.jpg?1563853148,edp,85,2019,women,False,95
29000,Terre d'Hermes Flacon H 2019 Eau de Toilette,https://perfumist-images.fra1.cdn.digitaloceanspaces.com/assets/product/mains/files/000/039/133/normal/375x500.53461.jpg?1549260621,https://perfumist-images.fra1.cdn.digitaloceanspaces.com/assets/product/mains/files/000/039/133/thumb/375x500.53461.jpg?1549260621,edt,100,2019,men,False,95
28998,Terre d'Hermes Flacon H 2019 Parfum,https://perfumist-images.fra1.cdn.digitaloceanspaces.com/assets/product/mains/files/000/039/131/normal/375x500.53462.jpg?1549260230,https://perfumist-images.fra1.cdn.digitaloceanspaces.com/assets/product/mains/files/000/039/131/thumb/375x500.53462.jpg?1549260230,parfum,75,2019,men,False,95
28994,Charming Twilly d'Hermes,https://perfumist-images.fra1.cdn.digitaloceanspaces.com/assets/product/mains/files/000/039/127/normal/375x500.53465.jpg?1549259298,https://perfumist-images.fra1.cdn.digitaloceanspaces.com/assets/product/mains/files/000/039/127/thumb/375x500.53465.jpg?1549259298,edp,85,2019,women,False,95
28777,Un Jardin Sur La Lagune,https://perfumist-images.fra1.cdn.digitaloceanspaces.com/assets/product/mains/files/000/038/814/normal/Capture_d%E2%80%99%C3%A9cran_2020-12-18_%C3%A0_14.23.04.png?1608297961,https://perfumist-images.fra1.cdn.digitaloceanspaces.com/assets/product/mains/files/000/038/814/thumb/Capture_d%E2%80%99%C3%A9cran_2020-12-18_%C3%A0_14.23.04.png?1608297961,edt,100,2019,unisex,False,95
29189,Terre d'Hermes Flacon H 2018,https://perfumist-images.fra1.cdn.digitaloceanspaces.com/assets/product/mains/files/000/039/325/normal/375x500.49001.jpg?1549439310,https://perfumist-images.fra1.cdn.digitaloceanspaces.com/assets/product/mains/files/000/039/325/thumb/375x500.49001.jpg?1549439310,edt,100,2018,men,False,95
29186,Musc Pallida ,https://perfumist-images.fra1.cdn.digitaloceanspaces.com/assets/product/mains/files/000/039/322/normal/375x500.48134.jpg?1549437390,https://perfumist-images.fra1.cdn.digitaloceanspaces.com/assets/product/mains/files/000/039/322/thumb/375x500.48134.jpg?1549437390,parfum,20,2018,unisex,False,95
29182,Hermessence Cardamusc ,https://perfumist-images.fra1.cdn.digitaloceanspaces.com/assets/product/mains/files/000/039/318/normal/375x500.48133.jpg?1549436033,https://perfumist-images.fra1.cdn.digitaloceanspaces.com/assets/product/mains/files/000/039/318/thumb/375x500.48133.jpg?1549436033,parfum,20,2018,women,False,95
29181,Hermessence Agar Ebene ,https://perfumist-images.fra1.cdn.digitaloceanspaces.com/assets/product/mains/files/000/039/317/normal/375x500.48131.jpg?1549435721,https://perfumist-images.fra1.cdn.digitaloceanspaces.com/assets/product/mains/files/000/039/317/thumb/375x500.48131.jpg?1549435721,edt,100,2018,unisex,False,95
25667,Elixir Des Merveilles Calligraphie,https://perfumist-images.fra1.cdn.digitaloceanspaces.com/assets/product/mains/files/000/034/999/normal/375x500.52607.jpg?1543374283,https://perfumist-images.fra1.cdn.digitaloceanspaces.com/assets/product/mains/files/000/034/999/thumb/375x500.52607.jpg?1543374283,edp,50,2018,unisex,False,95
19344,Hermessence Cedre Sambac,https://perfumist-images.fra1.cdn.digitaloceanspaces.com/assets/product/mains/files/000/028/550/normal/375x500.48132.jpg?1533204635,https://perfumist-images.fra1.cdn.digitaloceanspaces.com/assets/product/mains/files/000/028/550/thumb/375x500.48132.jpg?1533204635,edt,100,2018,unisex,False,95
18860,Terre D'Hermes Eau Intense Vetiver,https://perfumist-images.fra1.cdn.digitaloceanspaces.com/assets/product/mains/files/000/028/052/normal/375x500.50672.jpg?1531897455,https://perfumist-images.fra1.cdn.digitaloceanspaces.com/assets/product/mains/files/000/028/052/thumb/375x500.50672.jpg?1531897455,edp,100,2018,men,False,95
16591,Hermessence Myrrhe Eglantine,https://perfumist-images.fra1.cdn.digitaloceanspaces.com/assets/product/mains/files/000/025/729/normal/Hermes_Myrrhe_Eg.jpg?1527487273,https://perfumist-images.fra1.cdn.digitaloceanspaces.com/assets/product/mains/files/000/025/729/thumb/Hermes_Myrrhe_Eg.jpg?1527487273,edt,100,2018,unisex,False,95
14199,Eau de Citron Noir,https://perfumist-images.fra1.cdn.digitaloceanspaces.com/assets/product/mains/files/000/023/182/normal/Hermes_Eau_de_Citron_Noir.jpg?1517056021,https://perfumist-images.fra1.cdn.digitaloceanspaces.com/assets/product/mains/files/000/023/182/thumb/Hermes_Eau_de_Citron_Noir.jpg?1517056021,edc,100,2018,unisex,False,95
17992,Terre D'Hermes 2017 Limited Edition ,https://perfumist-images.fra1.cdn.digitaloceanspaces.com/assets/product/mains/files/000/027/166/normal/herh17m_aedt10_02__13.jpg?1530474886,https://perfumist-images.fra1.cdn.digitaloceanspaces.com/assets/product/mains/files/000/027/166/thumb/herh17m_aedt10_02__13.jpg?1530474886,edt,100,2017,men,False,95
11875,Twilly d'Hermes,https://perfumist-images.fra1.cdn.digitaloceanspaces.com/assets/product/mains/files/000/013/727/normal/Hermes_Twilly.jpg?1504082810,https://perfumist-images.fra1.cdn.digitaloceanspaces.com/assets/product/mains/files/000/013/727/thumb/Hermes_Twilly.jpg?1504082810,edp,85,2017,women,False,95
